Ville,Email,URL
Mamoudzou,service.courrier.etc@mairiedemamoudzou.fr,https://www.annuaire-mairie.fr/ville-mamoudzou.html
Koungou,contact@koungou.fr,https://www.annuaire-mairie.fr/ville-koungou.html
Dzaoudzi,mairie@dzaoudzi-labattoir.fr,https://www.annuaire-mairie.fr/ville-dzaoudzi.html
Dembeni,mairie-de-dembeni@wanadoo.fr,https://www.annuaire-mairie.fr/ville-dembeni.html
Bandraboua,mairie.bandraboua280@orange.fr,https://www.annuaire-mairie.fr/ville-bandraboua.html
Tsingoni,mairie-de-tsingoni@orange.fr,https://www.annuaire-mairie.fr/ville-tsingoni.html
Pamandzi,mairie@mairie-pamandzi.fr,https://www.annuaire-mairie.fr/ville-pamandzi.html
Sada,assistantedgs.mairie-sada@outlook.fr,https://www.annuaire-mairie.fr/ville-sada.html
Bandrele,contact@bandrele.yt,https://www.annuaire-mairie.fr/ville-bandrele.html
Ouangani,mairie-ouangani@wanadoo.fr,https://www.annuaire-mairie.fr/ville-ouangani.html
Chirongui,dgs.chirongui@gmail.com,https://www.annuaire-mairie.fr/ville-chirongui.html
Chiconi,mairie-chiconi@wanadoo.fr,https://www.annuaire-mairie.fr/ville-chiconi.html
Mtsamboro,mairie@mairie-mtsamboro.fr,https://www.annuaire-mairie.fr/ville-mtsamboro.html
M'Tsangamouji,mairiedemtsangamouji@orange.fr,https://www.annuaire-mairie.fr/ville-m-tsangamouji.html
Bouéni,mairie.de.boueni@wanadoo.fr,https://www.annuaire-mairie.fr/ville-boueni.html
Kani-Kéli,mairie-de-kani-keli@wanadoo.fr,https://www.annuaire-mairie.fr/ville-kani-keli.html
Acoua,mairie.acoua@orange.fr,https://www.annuaire-mairie.fr/ville-acoua.html
